,00_IDCP,00_PCA,01_IDCP,01_PCA,02_IDCP,02_PCA,03_IDCP,03_PCA,04_IDCP,04_PCA,05_IDCP,05_PCA,06_IDCP,06_PCA,07_IDCP,07_PCA,08_IDCP,08_PCA,09_IDCP,09_PCA,10_IDCP,10_PCA,11_IDCP,11_PCA,13_IDCP,13_PCA,14_IDCP,14_PCA,15_IDCP,15_PCA,16_IDCP,16_PCA,17_IDCP,17_PCA,18_IDCP,18_PCA,19_IDCP,19_PCA,20_IDCP,20_PCA,21_IDCP,21_PCA,22_IDCP,22_PCA
AR,,,,,,,,,,,,,,,,,,,,Missense_Mutation,,,,,,,,,,,,,,,,,,,,,,,,
FOXA1,In_Frame_Del,In_Frame_Del,,,In_Frame_Del,In_Frame_Del,In_Frame_Del,,,In_Frame_Del,In_Frame_Del,In_Frame_Del,,Multi_Hit,,,,,In_Frame_Del,In_Frame_Del,,,,,,,,,In_Frame_Del,,,,,,,,In_Frame_Del,In_Frame_Del,,,,,,
NCOR1,,,,,,,,,,,Nonsense_Mutation,,,,,,,,,,,,,,,,,,,,,,,,,,,,,,,,,
NCOR2,,,,,,,,,,,,,,,Missense_Mutation,,,,,,,,,,,,,,,,,,,,,,,,,,,,,
APC,,,,,,,,,,,,,,,,,,,,,,,,,Frame_Shift_Del,,,,,,,,,,,,,,,,,,,
FAT1,,,,,,,,,,,,,,,,,Frame_Shift_Del,,,,,,,,,,,,,,,,,,,,,,,,,,,
LRP1B,,,,,,,,,,,,,,,Nonsense_Mutation,,,,,,,,,,,,,,,,,,,,,,,,,,,,,
SOX9,,,,,,,,,,,,,,,,,,,Frame_Shift_Ins,Frame_Shift_Ins,,,,,,,,,,,,,,,,,,,,,,,,
BRAF,,,,,,,Missense_Mutation,,,,,,,,,,,,,,,,,,,,,,,,,,,,,,,,,,,,,
HRAS,,,,,,,,Missense_Mutation,,,,,,,,,,,,,,,,,,,,,,,,,,,,,,,,,,,,
KRAS,,,,,,,,,,,,,,,,,,,,,,,Missense_Mutation,Missense_Mutation,,,,,,,,,,,,,,,,,,,,
PIK3CA,Missense_Mutation,Missense_Mutation,,,,,,,,,,,,,Missense_Mutation,Missense_Mutation,,,,,,,,,,,,,,,,,,,Missense_Mutation,,,,,,,,,
TSC2,,,,,,,,,,,,,,,,,,,,,,,Splice_Site,Splice_Site,,,,,,,,,,,,,,,,,,,,
CDK12,,,,,Multi_Hit,Multi_Hit,,,,,,,Multi_Hit,Multi_Hit,,,,,,,,,Frame_Shift_Del,Frame_Shift_Del,,,,,,,,,,,,,Nonsense_Mutation,Multi_Hit,,,,,,
ATM,,,,,,,,,,Frame_Shift_Del,,,,,,,,,,,,,,,,,,,,,,,,,,,,,,,,,,
BAP1,,,Missense_Mutation,Missense_Mutation,,,,,,,,,,,,,,,,,,,,,,,,,,,,,,,,,,,,,,,,
BRCA2,,,,,,,,,,,,,,,,,,,,,,,,,,,,,Frame_Shift_Del,,,,,,,,,,,,,,,
FANCC,,,,,,,,,,,,,,Splice_Site,,,,,,,,,,,,,,,,,,,,,,,,,,,,,,
MSH6,,,,,,,,,,Frame_Shift_Del,,,,,,,,,,,,,,,,,,,,,,,,,,,,,,,,,,
BCOR,,,,,,,,,,,,,,,,,Nonsense_Mutation,,,,,,,,,,,,,,,,,,,,,,,,,,,
KMT2C,,Splice_Site,,,,,,,Missense_Mutation,Missense_Mutation,,,,,,,Missense_Mutation,Missense_Mutation,,,,,,,,,,,Nonsense_Mutation,,,,,,,,,,Frame_Shift_Del,,,,,
ZFHX3,,,,,,,,,In_Frame_Ins,In_Frame_Ins,,,,,,,,Missense_Mutation,,,,,,Missense_Mutation,,,,,,,,,,,,,,,Nonsense_Mutation,,,,,
PTEN,Missense_Mutation,Missense_Mutation,,,,,,,,,,,,,,,,,,,Frame_Shift_Ins,Frame_Shift_Ins,,,,,,,,,,,,,,,,,,,,,,
RB1,,,,,,,,,,,,,,,,,,,Nonsense_Mutation,,,,,,,,,,,,,,,,,,,,,,,,,
SPOP,,,,,,,,,Missense_Mutation,,,,,,,,,,,,,,,,,,,,,,Missense_Mutation,Missense_Mutation,,,,,,,,,,,,
STAG2,,,,,,,,,,,,,,,,,,,,,,,,,,,,,,,Frame_Shift_Del,Frame_Shift_Del,,,,,,,,,,,,
TP53,Splice_Site,,,,,,,,,,,,,,,,,,,,,,Missense_Mutation,Missense_Mutation,Frame_Shift_Del,,,,,,,,Missense_Mutation,,,,,,,,,,,